AdjOE,AdjDE,eFGPct,TOPct,ORPct,FTRate,Full Team Name,Cluster,Team Type,Group,PC1,PC2
-1.255009546856199,-0.308880385951674,-1.4641553282475936,1.8189182693804313,-0.08111371790433163,1.1676763726686186,Abilene Christian Wildcats,0,Pace & Attack,Other,-1.8857487691794474,1.9013492772443652
-0.8660872117483542,0.7176152664449587,0.1594167644989385,1.4134726247425144,-1.2122144739302718,0.9103698131975528,Air Force Falcons,0,Pace & Attack,Other,-1.4851038651431026,0.18396165273203505
0.6754347301361875,-0.38632944597411273,0.9562990442291753,-0.08573872167048772,0.681042746111532,-1.6115070132400693,Akron Zips,1,Defensive Stronghold,Other,1.0759862038692671,-0.6658311211982505
-1.5500728665912566,1.424264037374881,-1.751009828014336,2.1382916545447075,1.4121267603883358,0.7179968375751454,Alabama A&M Bulldogs,0,Pace & Attack,Other,-2.795783364420004,2.3745107522731854
2.5124286667138684,-1.3441851299081131,1.4996144021308986,-0.10892872536279916,1.5559286271783177,1.8629046821281787,Alabama Crimson Tide,1,Defensive Stronghold,Other,3.441953102492251,1.7494293346867815
-0.5489554442768788,1.0157350261114841,-1.1027714474521302,-1.9764880119442931,-0.5257424761308626,-0.38490304687267707,Alabama State Hornets,3,High Tempo Shooters,Other,-0.7660480138258347,-1.3525548918840704
-0.6037178886598398,0.7235274084314052,-0.5864447294804568,-0.8697770577903295,0.22949085494056323,-0.7414388424143037,Albany Great Danes,3,High Tempo Shooters,Other,-0.6780368832037849,-0.6462815177803569
-1.2813418366552687,0.674308826394245,-1.9713301673421764,2.1436347664557864,1.059881316036928,-0.7902799005156487,Alcorn State Braves,0,Pace & Attack,Other,-2.631134163304654,1.5863575074426173
-0.19613273046626145,0.6462261519586283,0.4381616518803374,-0.16284593252486518,-1.1903140964029952,-0.4202747318470276,American Eagles,3,High Tempo Shooters,Other,-0.46647012123604625,-1.301234301387073
-0.45427907898792985,-0.8291488807588966,0.1446679205166971,0.04657506090313421,-0.6287573154758556,0.4154315288719945,Appalachian State Mountaineers,3,High Tempo Shooters,Other,0.04520890005740034,0.044837654638465764
0.566727191286429,-1.4264821463594366,0.3370278185517657,0.8559008838704073,-0.5126207588877655,0.5520558539803837,Arizona State Sun Devils,2,Balanced Efficiency,Other,0.7749392464066754,0.6079757207057208
1.8611370085175094,-1.67233857086578,0.7403860918718813,-0.6449497655445017,1.4876907584059087,0.5275547466169788,Arizona Wildcats,1,Defensive Stronghold,Other,2.8799232592660573,1.061467230349697
0.742321198275575,-1.4899342102289648,0.7387468738223174,-0.6787671261512428,-0.33637235184376774,-0.533995925719815,Arkansas Razorbacks,1,Defensive Stronghold,Other,1.594219409116017,-0.6467381033828936
0.48213147496349557,-0.8603354297373974,-0.5267797046872043,-1.2914340076241748,0.5459688123046745,0.35308533585067114,Arkansas State Red Wolves,1,Defensive Stronghold,Other,1.0637552698168269,0.2861254733520536
-1.2583198140166612,2.577131724731791,-0.024205937707774072,1.7613935788002701,-0.7271702672763285,-0.3020546937480804,Arkansas–Pine Bluff Golden Lions,0,Pace & Attack,Other,-2.7857890689606437,-0.4154718158651238
-0.6526226586436294,0.8763562787810252,0.13251881927821982,-1.3545409890459956,-0.9120948785826037,-1.8087409631528402,Army Black Knights,3,High Tempo Shooters,Other,-0.632234424713205,-2.3640929307771184
3.24273081680604,-1.8585562630838537,1.754530066819488,-1.7993566999930637,1.5323038230650918,-0.5632882727076354,Auburn Tigers,1,Defensive Stronghold,Final Four,4.609827691144482,-0.2872452865655746
-1.1802492745244355,0.307312612585628,-1.4208096970500725,-0.9617852776376732,-1.1674403687633954,-0.46464843783053905,Austin Peay Governors,0,Pace & Attack,Other,-1.507374139213245,-1.0512400374802355
1.8043311893441392,-0.9849190417467742,2.0577989600750146,0.04629048551325324,1.104292239545294,-0.6896198173615059,BYU Cougars,1,Defensive Stronghold,Other,2.701991373694454,-0.037786899657254645
-0.23127877686129547,1.093036282584261,0.3493740084180612,-0.4802523529734888,-0.7930922895885384,2.8588965128433945,Ball State Cardinals,2,Balanced Efficiency,Other,-0.2015289018206331,0.4738981643706862
2.125549706396433,-0.9232997418930443,0.7386875182581368,-0.7878454180560664,1.4911458564660227,-0.7981966739924439,Baylor Bears,1,Defensive Stronghold,Other,2.621863957353821,0.09027807934308989
-0.5693891921809694,2.4197209443426746,0.41059878648253867,0.4559184511734966,-2.102421107085559,-1.3002033025765394,Bellarmine Knights,3,High Tempo Shooters,Other,-2.0378654593387737,-2.48269462122542
0.9863001482504079,0.7425940663376912,1.2323253470474462,-0.8411028092745003,-0.27246267110606487,-1.287487395694602,Belmont Bruins,3,High Tempo Shooters,Other,0.9647442483525402,-1.7848395069506733
-1.3999120644934016,-0.2525672335307787,-1.2525621134222773,0.7917771770664845,-0.4058094248454428,0.17852565504902293,Bethune-Cookman Wildcats,0,Pace & Attack,Other,-1.6992805822779435,0.6491391560748166
-0.7748164711100859,1.1737370206992437,0.6293958868620322,1.3204049629109003,-1.1022429603639174,-0.03758331701000192,Binghamton Bearcats,0,Pace & Attack,Other,-1.445535405029138,-0.5405674956243196
1.317871764240773,-0.762637283411382,0.8748273306486597,-0.3802712671723852,0.7300313736755255,1.0744476405793184,Boise State Broncos,1,Defensive Stronghold,Other,1.9802367056099948,0.7640568596578674
0.08326471587566125,0.5136463679125829,-0.40612376566085634,-0.08329510735726448,0.21385269420735908,-0.06590136142362278,Boston College Eagles,0,Pace & Attack,Other,-0.3024741482996692,0.03402233241173464
-1.1771569673416165,0.44550893151879645,-0.3988870408555782,1.706025403336141,0.5065006084980078,-0.3266101304819732,Boston University Terriers,0,Pace & Attack,Other,-1.6387590934505025,0.9377101317323826
-0.7493423987229875,1.0695355181881385,-0.3418343558493821,-0.24754379608062801,-0.8562076812082345,0.2836641595488689,Bowling Green Falcons,0,Pace & Attack,Other,-1.1882152586246193,-0.6335918879368798
0.5063795224763504,-0.5502435825483208,1.9182471526948832,0.26322237905051404,-0.6876003933905169,0.03982137251643443,Bradley Braves,3,High Tempo Shooters,Other,1.2198496659648215,-0.6733996408434153
-0.157581059420545,0.5896173924384094,0.30654368984241703,0.11298093739105108,0.12927447277712056,-1.0632873872212494,Brown Bears,3,High Tempo Shooters,Other,-0.33171301512138107,-0.6630601402840464
0.2859674950842329,0.016583030402161195,0.17697930883682317,-0.5599469505672044,0.6819910999183593,-0.5695077972861385,Bryant Bulldogs,3,High Tempo Shooters,Other,0.5590383434980419,-0.19724016056597957
-1.0213700733208344,0.043187669341165726,0.13925705084273332,0.7371053941680782,-1.1242247382992714,0.7598494341983497,Bucknell Bison,0,Pace & Attack,Other,-1.031326100906467,0.037231639073665605
-1.2620115111380008,1.1187541002252988,-0.6138235776103899,0.8062228461516225,-1.5510820032250028,-0.4100628574904872,Buffalo Bulls,0,Pace & Attack,Other,-2.26658309764877,-0.8843104492620848
1.0786606887768937,-0.3108018320972696,0.48868248768691985,-0.37408462269374243,-0.5985297069580556,1.8508828370868182,Butler Bulldogs,2,Balanced Efficiency,Other,1.2054541355856208,0.36299004388239947
-0.12706666255043694,0.9122725413486842,0.7225818882990087,2.200604378356079,-0.30148604716471555,-0.9237964305456235,Cal Poly Mustangs,0,Pace & Attack,Other,-1.106610715683803,-0.1158948549627792
-0.1912286309692797,0.8577330315237226,-0.7924382275791624,0.8933934757454979,1.242515355474783,0.780389831796199,Cal State Bakersfield Roadrunners,2,Balanced Efficiency,Other,-0.8380158294243432,1.5833277773633718
-1.1778789597675619,0.752349100615327,-1.7144998618614555,1.2208645432853242,-0.7856791323204123,1.860543495651817,Cal State Fullerton Titans,0,Pace & Attack,Other,-2.3216921424406642,1.3689942070493353
0.05166051911733565,-0.5243779613576193,0.33330934758876607,0.5391245889104054,1.071545663650986,0.6020863041095934,Cal State Northridge Matadors,2,Balanced Efficiency,Other,0.545521076045174,1.264910986820769
0.388953584520846,0.266666636428813,-0.5650157417026113,-0.4973812177157417,0.8666237316874655,-0.6193994760008166,California Baptist Lancers,3,High Tempo Shooters,Other,0.1693342147912553,0.04634934683512865
0.6506417826792248,0.2481911927211702,-0.6971848373295517,-0.4432122399593267,1.361978022218939,1.2167576804674056,California Golden Bears,2,Balanced Efficiency,Other,0.5512914404986489,1.389561536176111
-0.47825467652872894,-0.43303536766703404,-0.07250149801326031,-0.8994173006100185,-1.6184442772442857,-0.4149487472741002,Campbell Fighting Camels,3,High Tempo Shooters,Other,-0.22519300359921776,-1.4728652921964434
-0.8457896888302915,2.187817174924342,-0.028412316492865127,0.14958256392061606,-2.5201804039478684,-2.257975435804129,Canisius Golden Griffins,3,High Tempo Shooters,Other,-2.3919052169375834,-3.2049987572653236
-1.2968442400651732,1.144915328515322,-1.356774188794917,0.042087755673084065,-0.12951423285911934,-1.38267549412919,Central Arkansas Bears,0,Pace & Attack,Other,-2.1370003788882013,-0.6798241520527736
-0.8412942642913916,-0.631239927762625,0.08221503113356235,-0.2589011906020988,-0.6994732803569667,-1.4730152234928093,Central Connecticut Blue Devils,3,High Tempo Shooters,Other,-0.4008266703428081,-1.1653992886354918
-0.4996419993350092,-0.008395769490571409,-0.621493393131829,0.5700434046994445,0.5308952704232215,-0.5075881819477994,Central Michigan Chippewas,0,Pace & Attack,Other,-0.7277628601291682,0.4949737482210243
0.1966039042503476,-0.023028320907025057,0.4233858151453266,-0.5336797322422266,-0.7219656342279829,0.15505544586561193,Charleston Cougars,3,High Tempo Shooters,Other,0.3704281186497901,-0.7131471000402269
-0.868811711468899,0.4654624107230493,-0.6160735076460889,0.9361976395761848,0.14142943001972774,2.5961360897301655,Charleston Southern Buccaneers,2,Balanced Efficiency,Other,-1.084049268516155,1.9777011238845255
-0.3233668674157275,0.6645537921166093,-0.9255478834578639,-1.5396850641387356,-1.1626947821161788,2.6103040818591716,Charlotte 49ers,2,Balanced Efficiency,Other,-0.3996431490131577,0.08874547137996792
0.6915092784874042,0.40456734826265983,1.3537249894574381,-0.6894140242087238,-1.1820589165029887,-0.269372705709446,Chattanooga Mocs,3,High Tempo Shooters,Other,0.8273891377403251,-1.6665810857035748
-2.2418233456377137,0.6547987578389736,-2.3575832303439586,1.0513486639488199,-1.5289177161900613,-0.9233394260223512,Chicago State Cougars,0,Pace & Attack,Other,-3.6182672418442996,-0.420478700200065
0.08830504035867093,-1.8235416021691282,-0.10656135584499485,-1.1362777239393422,0.7250514889856792,-1.7457899340837393,Cincinnati Bearcats,1,Defensive Stronghold,Other,1.2425467484538175,-0.5133508991020617
1.609257009353094,-1.3885705358713532,1.1742369023094041,-0.9935623023939856,0.680641977347958,-1.016570311909742,Clemson Tigers,1,Defensive Stronghold,Other,2.589616045085975,-0.5948575722274215
-0.2266471273363676,-0.5212740868147352,-0.43075386705133484,0.4397304452528844,1.241575961563671,-0.14667972216451503,Cleveland State Vikings,2,Balanced Efficiency,Other,0.012643082390990944,1.1357921423872233
-0.8220865412615483,1.1044171559081688,-0.20279702046131248,0.4575607600762968,-0.3736637013836221,0.40074936656497134,Coastal Carolina Chanticleers,0,Pace & Attack,Other,-1.312069447842868,-0.001979959879323815
-0.274053422473856,0.8948317224886679,0.672428219375193,-0.2540798642472488,-1.3349408939982448,-2.3009877669904095,Colgate Raiders,3,High Tempo Shooters,Other,-0.7006036562979596,-2.5610029254242477
0.1994646289569203,-0.6606528341451942,0.38970647878177267,2.001266386453074,-0.19967935828450825,0.8214086546223398,Colorado Buffaloes,2,Balanced Efficiency,Other,-0.0856089963854511,1.2639899365185934
0.6054150873181714,-0.9590682009110393,1.0259341423636266,-0.0574713035737188,-1.10484214963138,-1.1294136570649616,Colorado State Rams,3,High Tempo Shooters,Other,0.9417615313769977,-1.366429918194101
0.426279230692317,1.189404196963326,1.5049991926971729,-0.5654599857487888,-0.4867036339573166,-0.5587219058766477,Columbia Lions,3,High Tempo Shooters,Other,0.4734465931145034,-1.564540712578341
-2.652078513557428,0.813687573724702,-2.603112090754046,1.8957553871675206,-0.7498414714351397,0.8637787483611374,Coppin State Eagles,0,Pace & Attack,Other,-4.003293363226832,1.4357789212816312
1.0108206457353148,0.566855645790594,2.6039784075722423,0.07119240096588057,-0.9959967505086892,-0.49818341423645274,Cornell Big Red,3,High Tempo Shooters,Other,1.2905468744023192,-1.719540756940417
1.1636650800579071,-1.6198830910910407,1.7763773545583077,0.7308240306686307,-0.9966365510179304,-0.9388468904589721,Creighton Bluejays,1,Defensive Stronghold,Other,1.6973764536106697,-0.9011064720965393
-0.8682668115247912,0.35800923011940033,-0.23169724511188075,-0.5875006254995161,-1.773259957140076,-0.10611440904222222,Dartmouth Big Green,3,High Tempo Shooters,Other,-1.0164526499858202,-1.4045238551051198
0.8120683911215352,0.3544619449275328,0.9772270591536094,-1.5926668038040297,-1.243976698289182,-0.5434971529550384,Davidson Wildcats,3,High Tempo Shooters,Other,1.0295579571946618,-2.147037519900661
1.3201875890032357,-0.2253713803931289,1.0522793094796992,-1.0900215229980048,-0.322753610413276,0.6950646639372979,Dayton Flyers,1,Defensive Stronghold,Other,1.794041152263395,-0.5859916120065467
0.44480582879202457,-0.09663448863827463,0.8303381558798435,0.5531914441198071,-0.06359854460737249,-0.5472213400164659,DePaul Blue Demons,3,High Tempo Shooters,Other,0.4410583573583095,-0.2992205958910789
0.2795649207409518,1.3945555238929903,0.9882586482421504,-0.6078981712011607,-1.7663968144985476,-0.1444695322428147,Delaware Fightin' Blue Hens,3,High Tempo Shooters,Other,-0.20207838950141144,-2.0587920279320953
-0.9304671401448401,0.7504276544697335,-1.1133260944065728,0.06420376854741884,0.5585487048511546,-0.005151216956847975,Delaware State Hornets,0,Pace & Attack,Other,-1.3291911840135107,0.5128952450293423
-1.1028462374637424,1.2468997777815098,-0.3564847499127586,-0.0858285189202266,-1.0756940985606194,-0.543600131201234,Denver Pioneers,0,Pace & Attack,Other,-1.6821379520343043,-1.1669239308068993
-1.655333913294525,0.3819534051645042,-1.9355069675377214,0.29375323837346135,0.23645119237672002,-0.937171266938562,Detroit Mercy Titans,0,Pace & Attack,Other,-2.245875876035106,0.25560166045016613
0.7464079478563931,-1.0432423224430607,1.210665817292287,1.027054385628894,1.7039857610827907,2.0957483677191333,Drake Bulldogs,2,Balanced Efficiency,Other,1.7412583146024456,2.5437999828468687
-0.5106762232032181,-0.12442155597456975,0.12021904028307746,0.6814924831149378,0.9931123326783657,-2.047464935855389,Drexel Dragons,0,Pace & Attack,Other,-0.4098257761595576,-0.162835406230224
2.369256206399212,-2.6938384632838686,1.714170437947591,-1.0356751617613564,1.1395577828160641,-0.13727439173137465,Duke Blue Devils,1,Defensive Stronghold,Final Four,4.1115708690848285,0.29540448827939675
-0.3162831681423088,-0.5059025176499765,-0.5335690031318825,0.07355279366875173,0.5754414934994393,-0.7992273187829948,Duquesne Dukes,0,Pace & Attack,Other,-0.18658696204588807,0.2391788679811401
0.05670084360034533,-0.07815904493063185,-0.9837815432387657,-0.6271775950984559,1.2614240305953743,0.5005670557194157,East Carolina Pirates,2,Balanced Efficiency,Other,0.17463423760706498,1.043173388941233
0.3096706426529781,-0.04431203205823036,-0.05856975142433834,-0.59927675040867,1.8543934936239665,-0.27776937697092097,East Tennessee State Buccaneers,2,Balanced Efficiency,Other,0.8085559148886604,0.7404699476689044
-1.4902700977252878,0.6816990038773018,-0.3496465176059628,3.0214440447934505,-0.18697498226910392,-1.0563756305362608,East Texas A&M Lions,0,Pace & Attack,Other,-2.6255392789501473,0.645232323197902
-1.5596903506047815,0.605875782901135,-1.6880856106021356,0.5355554417310456,-0.010927597452933258,-0.01077446200805571,Eastern Illinois Panthers,0,Pace & Attack,Other,-2.2263632407477756,0.5824743539753038
0.24469132431797172,0.94419810807549,-0.8032992567709216,-1.6862312635706231,0.7586252959009948,-1.3234998311842077,Eastern Kentucky Colonels,3,High Tempo Shooters,Other,-0.00290840388323661,-1.028858568257721
-0.5740208417058973,1.1194931179736058,0.4064570481901213,0.6171416034770766,-0.390714898398093,0.0906753581749942,Eastern Michigan Eagles,0,Pace & Attack,Other,-0.9695925403845793,-0.2823508050756996
-0.6182939621647572,0.41417457899063376,-0.11310219945400264,0.6912580561476666,-0.5225007003164966,-0.5808334045726723,Eastern Washington Eagles,0,Pace & Attack,Other,-1.0487420315592533,-0.3747230327067691
0.16118540788325775,0.07718248576322906,-0.48040091221904196,0.21953921639167648,1.7833674193193563,1.6079551541752093,Elon Phoenix,2,Balanced Efficiency,Other,0.33308960546851607,2.1598178730037674
-1.103786189867331,-0.15619931915171376,-0.5362088651416194,0.13750076997130425,-1.770558629716313,-0.6309632764980478,Evansville Purple Aces,0,Pace & Attack,Other,-1.3856247007920475,-1.142468112905109
-1.197999390203789,-0.23084011173059207,-0.7659708538191125,1.4080201366199943,0.5582045473850688,0.6042227181470087,FIU Panthers,0,Pace & Attack,Other,-1.3079628571442656,1.6038008527239964
-0.7289086508188988,1.7452933472388819,-1.5415062910533956,-0.8318745075597211,0.4543861862768234,-1.3703183184820213,Fairfield Stags,0,Pace & Attack,Other,-1.696787415786343,-0.827860451804313
-0.9894934265904548,0.9308957886059867,-0.5045617312603602,-0.2667695099346984,-0.8063757423863038,-0.2936209715401395,Fairleigh Dickinson Knights,0,Pace & Attack,Other,-1.386789473793499,-0.8336457892560445
-1.177320437324849,1.077073499220857,-0.6682209105206173,2.3235023568185853,-0.23430864979351562,0.17286340757487742,Florida A&M Rattlers,0,Pace & Attack,Other,-2.4044152187991954,0.9367102329625313
0.968182225108782,0.26592761868050796,0.8389550164992381,-0.6104066878744611,0.08021750248733826,-0.08793258130523961,Florida Atlantic Owls,3,High Tempo Shooters,Other,1.0996566563508943,-0.597049810562321
2.303187088175988,-1.9539634543901208,0.7454615321607453,-0.8745419448798096,2.4096993869412127,-0.3635386728105472,Florida Gators,1,Defensive Stronghold,Final Four,3.492062567206611,1.1006189809998221
0.2745245962579421,0.011409906164021716,1.1400013475497952,-0.4293081177696819,-0.36043284534043996,-2.3345821615595272,Florida Gulf Coast Eagles,3,High Tempo Shooters,Other,0.5474253751541601,-1.9804404663838509
0.4851284246560962,-0.8925566035635248,0.18857107821802213,-0.1427503068256511,0.21294851671425064,1.4258368578074516,Florida State Seminoles,2,Balanced Efficiency,Other,1.0319962700414904,0.987301482203987
-0.14763663544055358,0.27213536776627617,-0.44646465712862343,0.5473123837592533,0.054482903295836084,0.03307485957326671,Fordham Rams,0,Pace & Attack,Other,-0.6090564138726292,0.3504770425871443
-0.8972963560472013,0.22232557153047072,-1.4259750694242614,-0.04876439476250873,-1.0271917415789,0.6555737859318418,Fresno State Bulldogs,0,Pace & Attack,Other,-1.4876751055847461,0.05397460993190868
0.18734060520049187,0.06166311304880852,0.476004194769035,-0.09131781601041267,0.19766901623928762,-0.16075349451432205,Furman Paladins,3,High Tempo Shooters,Other,0.37729059250960273,-0.1538140472513004
-0.27214627266947483,0.5109859040186822,0.7020057796075198,1.7862698822633245,0.7768264806023291,0.6819770829603343,Gardner–Webb Runnin' Bulldogs,2,Balanced Efficiency,Other,-0.4591513077726581,1.3374286108631117
-0.10813138949264754,-1.7934931405230181,0.2522077159618001,1.3687338036030583,0.9266235992045007,2.1667594449657184,George Mason Patriots,2,Balanced Efficiency,Other,0.8043553021466698,2.7312061018102614
0.06024269323705373,-0.41396870976074596,-0.05097339502997946,0.05388950316344614,0.5688835020605547,1.5519926631675816,George Washington Revolutionaries,2,Balanced Efficiency,Other,0.467610287254772,1.3220452557600073
-0.03348009714970556,-1.4654283816951466,-0.08746462297419676,0.6590960373504955,0.9482289528490636,-1.60391592988399,Georgetown Hoyas,1,Defensive Stronghold,Other,0.4302812693596388,0.409780788536469
0.74899622259091,-1.743535540737553,0.44587457329225927,0.8308637094578778,1.5850837469905483,1.489595535136557,Georgia Bulldogs,2,Balanced Efficiency,Other,1.6786133385506827,2.4355745325281655
-0.8245385910100392,0.29755757830799223,-0.36088246221433795,1.0700804847560406,0.5153009256786139,-1.1162210351543655,Georgia Southern Eagles,0,Pace & Attack,Other,-1.1842166160332963,0.24912736510365063
-0.37513236210608797,1.2009328738368934,-0.6993259545309107,0.018399328426737624,0.634924651727071,-0.26274414238628513,Georgia State Panthers,0,Pace & Attack,Other,-0.9894774706440713,0.15641811174674308
0.07876929133676132,-0.712531880076255,0.026517855298325683,-0.3990598236159807,-0.36339855545474986,-0.12664344059140734,Georgia Tech Yellow Jackets,3,High Tempo Shooters,Other,0.43039563812988596,-0.3007329852736059
2.4009966281435635,-1.207673771441081,1.7161892449492633,-1.852073346631466,0.8632478951805154,-0.46207965107022025,Gonzaga Bulldogs,1,Defensive Stronghold,Other,3.6562564298830917,-0.787808153393851
-1.5364503679885309,0.7881175596333241,-1.1491192228441336,1.329563296112566,-1.076088195975002,0.07404615688380445,Grambling State Tigers,0,Pace & Attack,Other,-2.5689782957978395,0.13650958842299737
0.20791057809061045,-1.0477059896428262,-0.19167080329986647,0.10600182733304336,0.4527560010154197,2.303904057904082,Grand Canyon Antelopes,2,Balanced Efficiency,Other,0.8051854718331125,1.8674180036819272
-0.8068293428264933,1.6739042327525495,0.3875081622659904,0.769130802245873,-3.256172866379236,0.063414835688418,Green Bay Phoenix,3,High Tempo Shooters,Other,-2.106757424513124,-2.11932400731028
-0.724004551321917,0.5121683324159707,-1.4047689106257184,-0.47097498418827166,0.8470344535275429,-0.3654457458366451,Hampton Pirates,0,Pace & Attack,Other,-1.0080729803489854,0.3873359901946233
-0.8186809166108658,0.4137311683416503,-0.14116447379082558,0.6500876395910468,-0.9559445956133565,-1.6283795888673065,Harvard Crimson,0,Pace & Attack,Other,-1.3740563233962235,-1.2064035396752686
-0.17665255746436234,0.033876045712515505,0.39372123410987947,1.3948276332718326,0.6029564925476995,1.879620381828172,Hawaii Rainbow Warriors,2,Balanced Efficiency,Other,-0.11327261036439369,1.8957957753293586
1.5117199193575726,0.6165176384767376,1.709494768018711,-0.8964465860170667,0.7656400590559612,1.5897441242382142,High Point Panthers,1,Defensive Stronghold,Other,2.11725927619801,0.2580247482407746
-0.9807069149916968,-0.9119188685691345,-0.49721202399330644,0.493735214787962,-1.5834603865064945,-1.503006827084393,Hofstra Pride,3,High Tempo Shooters,Other,-1.120080804449085,-1.1618258181481878
-0.5655748925722052,1.3243488378039485,0.6722689450557946,-0.0893936802992701,-1.5597812128058255,-2.5194435534304027,Holy Cross Crusaders,3,High Tempo Shooters,Other,-1.2069320262388756,-2.839383378407733
-0.5317910960374446,0.7251532474776772,-0.36523244829717705,0.374952850418996,-0.8055695856673641,-0.10038451785924735,Houston Christian Huskies,0,Pace & Attack,Other,-1.162810519925847,-0.44734004382321696
2.250468018583436,-2.8349908532102592,0.6227012319854286,-1.6205704239281797,1.8595991313680476,-1.2845388909838524,Houston Cougars,1,Defensive Stronghold,Final Four,3.8514985701832747,0.19124321002091427
0.03313392101762807,1.923396624580558,1.178231163249284,1.9375168796571076,-0.7364533461824911,0.4660549602753793,Howard Bison,0,Pace & Attack,Other,-1.1212357732843568,-0.13611716590415712
-0.006235099944251986,2.0713479777913624,-0.28187381994009186,-0.011069875730109573,0.07834991809560048,0.5085879558446109,IU Indy Jaguars,0,Pace & Attack,Other,-1.0062199301770367,-0.129539844757004
-0.21384197864980542,0.5129073501642778,-0.843667280811366,0.03193645328618129,2.173299618973052,0.5609571671866784,Idaho State Bengals,2,Balanced Efficiency,Other,-0.20858161127887867,1.7563985810634781
0.34713251381047505,1.5274309150383574,0.5980055394392118,0.11729601875117375,-0.2660909723062266,-0.08012975281924409,Idaho Vandals,3,High Tempo Shooters,Other,-0.31019806224515933,-0.7102288239148564
1.6390902812930666,-1.9062968096244017,0.33005668416159933,-0.6748234505020533,1.5421630192865354,0.6158353922532565,Illinois Fighting Illini,1,Defensive Stronghold,Illinois,2.687642069880481,1.3051192358693555
0.7939504679799075,0.5900608030873928,1.8794530048780937,-0.9687235122863772,-1.0967762906967085,-0.36892934988475296,Illinois State Redbirds,3,High Tempo Shooters,Other,1.1684116460428724,-1.981301382785618
0.01242772314148351,1.2272419056765784,0.5194297815926043,-0.06391252590310402,0.6910042544985692,-1.8127099166441052,Incarnate Word Cardinals,3,High Tempo Shooters,Other,-0.2929252299628368,-1.0210824242958603
1.0669453399785491,-0.9336459903693233,0.4122274603380034,0.06685164894343815,0.7768264806023291,0.16031021929205846,Indiana Hoosiers,1,Defensive Stronghold,Other,1.4433622497921241,0.676795739451287
0.003981774007793347,0.6947057162474813,1.036916149544,1.7847526587692317,-0.4303109951722868,0.7496893034821758,Indiana State Sycamores,2,Balanced Efficiency,Other,-0.49304217006305207,0.48372387179822374
-1.3042412568064534,-0.01785519666888558,-1.5908193280471494,2.0889749032867395,2.385270323938622,-0.6054128042907703,Iona Gaels,0,Pace & Attack,Other,-1.7976252909756179,2.5520925828240824
1.5618507142156057,-0.1362458399474609,2.2583009842539497,-1.7589112427025904,-1.2175745663296538,-0.9889847016986588,Iowa Hawkeyes,3,High Tempo Shooters,Other,2.3424138489225204,-2.6889472042704927
1.6760072525064555,-2.0735513064209514,0.9137549083294979,-1.0178004983041025,0.8908855960988347,1.1219661833596628,Iowa State Cyclones,1,Defensive Stronghold,Other,3.0852945012570037,0.9092113273461063
-1.0990864278493908,0.08945018038510363,-2.0066919454179963,1.480071914427762,-0.3063353767236716,0.6922469572463296,Jackson State Tigers,0,Pace & Attack,Other,-2.208304282836598,1.3933815214327658
-0.5037287489158273,-0.6578445667016317,-0.17786945147928132,1.4997138067880644,1.261807414733021,-0.959804102562547,Jacksonville Dolphins,0,Pace & Attack,Other,-0.43249634108852575,1.1629524546021244
0.5229989707716769,0.06003727400253659,-0.033523311818054416,-0.8437087890517696,0.4073962138259515,-0.29092020921530176,Jacksonville State Gamecocks,3,High Tempo Shooters,Other,0.6479819653549682,-0.3083254082031536
0.32029619156310524,0.11930649741665411,-0.06446437396245942,-0.1825001238735734,0.4614890831017251,-0.9886815424969075,James Madison Dukes,3,High Tempo Shooters,Other,0.18748316724267589,-0.35335165033120175
-0.8549167628941193,0.029294135673019216,-0.7551486601953501,0.6633920077107534,0.39884582431571314,-0.3036900546753109,Kansas City Roos,0,Pace & Attack,Other,-1.0693747081301928,0.6048022434672592
1.4501462256732485,-2.4347831817927834,0.8305996093592809,-0.696383512690383,0.26733853118311257,-1.9913330391336774,Kansas Jayhawks,1,Defensive Stronghold,Other,2.502300053539188,-0.8801129657976252
0.8188796404228981,-0.9116232614698129,0.6352964193121323,0.28702099227093686,0.35472866759196875,-0.7562697085354333,Kansas State Wildcats,1,Defensive Stronghold,Other,1.1196742940053426,-0.031206799375784314
-0.2632916485777029,-0.2552276974246794,-0.8783782967010624,1.2718279740716694,1.095647519366583,0.9845051785587935,Kennesaw State Owls,2,Balanced Efficiency,Other,-0.5696261889551693,2.0760759294125455
-0.6988029289068725,-1.01490838197302,-1.6005847020235098,-0.4369958738211057,1.00507708194215,-1.138259346902169,Kent State Golden Flashes,0,Pace & Attack,Other,-0.44417309809698735,0.5194851350552935
2.474285670626234,-0.6594704057479036,1.782647338495405,-1.412343208762771,0.20846736733235577,0.1693104191351676,Kentucky Wildcats,1,Defensive Stronghold,Other,3.231350004926213,-0.8148337452160531
-1.7427494868282216,0.04998663262557923,-1.160360701653358,1.2659377464768455,0.2355949697248774,-1.068482797011199,LIU Sharks,0,Pace & Attack,Other,-2.143656802777674,0.5000434532895132
0.4667380515424146,-1.038246562464514,0.559372550181846,1.12241522367657,0.7875736036868713,0.2836345965669465,LSU Tigers,2,Balanced Efficiency,Other,0.8285454510453308,1.2315059642396595
-0.33630824108831764,-0.05702313732908838,-1.292252629329822,-1.0379551151026807,0.41236994032813146,-0.47366240157327333,La Salle Explorers,0,Pace & Attack,Other,-0.3682762607881033,-0.09343648764667009
-1.037594469156682,0.4075234192558821,-0.37688390986928094,-0.604861224274112,-1.094297635032135,-0.5541937745708246,Lafayette Leopards,3,High Tempo Shooters,Other,-1.0883350033292813,-1.2016349546727938
-0.5463671695423619,-0.14230578548356726,-0.978597997566511,0.48888164943879486,1.013393019478985,-0.8083347085808813,Lamar Cardinals,0,Pace & Attack,Other,-0.7520965641688228,0.7244679586034047
-1.0219013507663408,1.7813574133562005,-0.25569957928726206,0.8097782778199679,-1.115197904401365,1.1074849167461018,Le Moyne Dolphins,0,Pace & Attack,Other,-1.9995129227641546,-0.07076544541064288
-0.6862702301923642,0.591538838584005,0.2396500296372104,-1.0130679653067058,-2.419811405416335,-0.7553591968709618,Lehigh Mountain Hawks,3,High Tempo Shooters,Other,-0.8489153926144155,-2.531057716259201
0.3766933357783916,-1.1498825835235735,2.0732894868587377,-1.0054452104665914,-2.342161456585928,-0.7326625889803307,Liberty Flames,3,High Tempo Shooters,Other,1.4808823251171357,-2.557100884747357
-1.742694996833811,0.6407574206211651,-1.7707391838672715,0.6198143812583978,0.03494715775573464,0.4776324364702031,Lindenwood Lions,0,Pace & Attack,Other,-2.364462669412816,0.9307493584326694
0.45120840313530763,-0.6241453573788921,1.173841991193157,-0.895380115936764,-1.0374301374001147,-0.5111846491228655,Lipscomb Bisons,3,High Tempo Shooters,Other,1.1477223268201682,-1.4833077812801985
-1.235815446324957,-0.9008336023445505,-0.6603879740797226,1.5335139425069295,0.016803369968723357,-1.1182118814564073,Little Rock Trojans,0,Pace & Attack,Other,-1.3191945648323096,0.5441196833441652
-0.5838290406998589,1.3221317845590312,-0.328417950128668,2.109888010533329,-0.40554840213290894,0.22322967028668952,Long Beach State Beach,0,Pace & Attack,Other,-1.9511047209932566,0.5878043222047035
0.11214441291344208,0.2891327759773068,0.06597934597620095,-0.2107951980579443,0.5347357230980911,2.50558414003604,Longwood Lancers,2,Balanced Efficiency,Other,0.41761486429455075,1.4851179991248245
-1.0638586464627398,0.832015213882683,-1.4640381927367934,-0.6819177884409895,-0.9078120657184903,-0.9716950638180214,Louisiana Ragin' Cajuns,0,Pace & Attack,Other,-1.7856592338528834,-1.1638034489414453
0.37982651045702015,-0.18605563618326423,0.76625882975772,0.893902717640057,0.12873753081376213,0.13696102420827627,Louisiana Tech Bulldogs,2,Balanced Efficiency,Other,0.4006628300854366,0.3800554103211316
-1.4678338425265958,0.818417287313858,-1.8598865149985349,0.029313490337935823,-0.1475038884284203,-0.7032773413393004,Louisiana–Monroe Warhawks,0,Pace & Attack,Other,-2.265863294052523,-0.11042593987849213
1.5773803626227145,-1.35595029246114,0.3492912751455066,-0.7189095239774204,0.9013453354403925,0.5309648159776005,Louisville Cardinals,1,Defensive Stronghold,Other,2.2657572845013187,0.7043693536453862
-0.9000617232635556,0.9845484771329813,-0.24363150935767672,0.2273956253143331,-0.29844143982627036,-0.5492644541135876,Loyola (Maryland) Greyhounds,0,Pace & Attack,Other,-1.3165787026271352,-0.5237522592929724
-0.11766713851455524,-0.4059873180790461,0.3627630096909286,0.3302084132703272,0.06794245441482831,0.21504344762716374,Loyola Chicago Ramblers,2,Balanced Efficiency,Other,0.20365921535586315,0.3153404107779676
-0.29693922012643753,-0.7181484149633779,-0.2921756515346223,-0.9246656425034687,-1.3262511680002687,-0.5665017394822245,Loyola Marymount Lions,3,High Tempo Shooters,Other,-0.027440265458255533,-1.2631967637781618
-0.7659618470183139,-0.4937826265777638,0.34742755098125067,-0.6800727283536643,-1.8959412003987717,-1.1332944361749273,Maine Black Bears,3,High Tempo Shooters,Other,-0.387283831053893,-2.0153434476903525
-0.06753634365652204,1.116980457629365,-0.17676891644794482,-0.11945287708378656,0.5254112574024987,-0.6889494260609064,Manhattan Jaspers,0,Pace & Attack,Other,-0.5326920377475555,-0.3303464028345317
-0.8960022186799419,-0.36859302001477706,0.6105453584470257,0.25445423370969533,-0.3125394173222444,-2.1321254283443243,Marist Red Foxes,3,High Tempo Shooters,Other,-0.4603520658837453,-1.2551429779214105
1.565801238810398,-1.8150724587735452,0.514801156703576,-2.2638371589440434,0.167618132039656,-1.157809380331608,Marquette Golden Eagles,1,Defensive Stronghold,Other,2.767516579233426,-1.2695218186413597
-0.1345590367819375,0.09063260878239421,-0.2993447203481943,-0.3108212533373432,0.6084155188602488,0.883402668353013,Marshall Thundering Herd,2,Balanced Efficiency,Other,0.07761286814887941,0.771965399103029
-1.4720159495976342,1.769089718734326,-1.9969090746585154,0.9137563589044391,-1.113076800830726,0.4792495399540372,Maryland Eastern Shore Hawks,0,Pace & Attack,Other,-3.1984254757339223,0.12054181400363642
1.699301725117117,-1.6847836297472476,1.3505985652359767,-1.3916225069196695,0.5514529876827815,-0.5373755980277045,Maryland Terrapins,1,Defensive Stronghold,Other,3.0240759945336655,-0.5704213776280272
0.7929968930777179,-0.844668253473315,0.5055905429445434,-0.34870681810830284,1.189266357163346,0.6497144909584106,McNeese Cowboys,1,Defensive Stronghold,Other,1.5778307420535018,0.9724884066358719
1.0040093964339518,-1.4516235301567957,1.1986582310526614,1.3040419188014705,0.512230528970247,1.630124241779914,Memphis Tigers,2,Balanced Efficiency,Other,1.6491653286458574,1.778502957087635
-0.4954190247681632,0.17399381079127746,-0.10130944236555853,-0.6243182822123438,-0.3538888241184629,-0.6751448806158621,Mercer Bears,3,High Tempo Shooters,Other,-0.35144040671579546,-0.8551192530183785
-1.4210269373276279,1.1518620953493952,-1.2220903329028494,-0.44134424309780773,-1.8130800832833005,-0.43117589512188764,Mercyhurst Lakers,0,Pace & Attack,Other,-2.280058914570706,-1.4540424025390863
-0.835981489836328,-0.6643479228867215,-0.35556318168789075,-1.4616785780956612,-2.256762480257351,-1.9567744179503148,Merrimack Warriors,3,High Tempo Shooters,Other,-0.5709691127869878,-2.7963382199369766
1.02553294422626,1.437122946195401,0.5655874575692552,-0.8798707938336675,-0.25952212208513004,-0.9872836417333646,Miami Hurricanes,3,High Tempo Shooters,Other,0.4012072298767121,-1.6332458506789789
0.21349580251772793,0.2468609607742199,1.4731086728596365,0.012400677921494409,-0.5456070149482374,-1.0294632341821488,Miami RedHawks,3,High Tempo Shooters,Other,0.486988579036001,-1.3421849525021452
1.5730211630698425,-1.8599456164506682,0.3481928603384541,-0.2153173638746462,1.560762520815326,1.1549137952732287,Michigan State Spartans,1,Defensive Stronghold,Other,2.525803555298536,1.7966773290984126
1.6965772253965723,-1.6428961037732799,2.2483068929189534,1.4466333545801293,0.972127648379697,0.6201676236878529,Michigan Wolverines,1,Defensive Stronghold,Other,2.615628678788028,1.326520116841858
0.1814829308013205,-0.3267646154606736,0.08961352154900223,-0.3114198159590097,0.23630416148405947,-0.4605258400569308,Middle Tennessee Blue Raiders,3,High Tempo Shooters,Other,0.4248899311852309,-0.1891061724594892
0.16091295791120386,-0.2904049422440312,0.2994997442656193,1.1644595540494764,2.4218080077271535,0.8522262745543268,Milwaukee Panthers,2,Balanced Efficiency,Other,0.6062426271290978,2.45511937398703
0.3795540604849643,-0.6455768720797571,-0.01787611245710789,-0.6269570194063464,-0.21094328133417192,-0.07018954621924543,Minnesota Golden Gophers,3,High Tempo Shooters,Other,0.6855890905849427,-0.29534431118591586
1.6021733100796773,-1.088706694318827,0.5006160174962492,-1.2536626812939202,1.2406702311631643,-0.4371373860628818,Mississippi State Bulldogs,1,Defensive Stronghold,Other,2.410946125325263,0.04782451042799842
-2.9834049245729433,2.4214945869386084,-2.9410430339775475,3.5757060746242773,-1.3286898451416373,-0.8721223878493993,Mississippi Valley State Delta Devils,0,Pace & Attack,Other,-6.012961500468251,0.5948249446467342
-0.5493641192349605,0.2900195972752737,0.17008913957774638,1.3545153292816439,0.6469502304453022,0.6187295979949717,Missouri State Bears,2,Balanced Efficiency,Other,-0.6615371760079363,1.238296462934854
1.9229831521738892,-1.2556064625961887,1.8042386060512914,-0.8064112408442754,0.6874655621269506,3.268730846802087,Missouri Tigers,1,Defensive Stronghold,Other,3.3758176598674154,1.5792923529025338
-0.6323251357255667,0.7431852805363365,-1.3313824523658018,-0.38054855692410827,0.08264471147031385,0.7088545900559097,Monmouth Hawks,0,Pace & Attack,Other,-1.1301070637942596,0.45193474550777757
0.16077673292517594,0.7130333564054644,1.0391457573394693,-0.5655354406357124,-1.564218494669168,-0.1268361585365886,Montana Grizzlies,3,High Tempo Shooters,Other,0.09368145310829482,-1.7433168290744834
-0.12352481291372854,0.1534491173883793,0.5249750408704406,-0.8155193568246495,-1.8954592211581285,-0.45372711281730954,Montana State Bobcats,3,High Tempo Shooters,Other,-0.0903094975099034,-1.9463108897922683
-0.8788923604349185,0.5291657406270034,-1.1315128954835594,0.367412270146731,0.3426792421170763,1.0508185137631743,Morehead State Eagles,0,Pace & Attack,Other,-1.263407297894684,1.1397343268311244
-0.5300201712190894,1.6675486801171215,-0.20341767014642453,0.19346977173901242,0.5901991469239629,0.28437189279555714,Morgan State Bears,0,Pace & Attack,Other,-1.0785222637195324,0.258587068912901
-0.8966288536156668,0.21730025084199311,-0.32002807875661343,1.8384675864399784,0.24172181864249884,-0.1645395492885881,Mount St. Mary's Mountaineers,0,Pace & Attack,Other,-1.4219854422765232,0.9456629909385089
0.10587806355618697,0.05087345392354612,0.06456919162474646,0.0148819896574265,-0.33115833999408845,1.9179937509960039,Murray State Racers,2,Balanced Efficiency,Other,0.176921837577169,0.7974596237785525
0.3599376624970392,-0.6072957527175212,-0.48350280508135807,-1.3528294952001123,0.01988871412555436,-0.16166123248796163,NC State Wolfpack,3,High Tempo Shooters,Other,0.7427565461889054,-0.41146943511962797
-1.9866603243100425,0.511133707568344,-1.9971334461139758,0.2868458484018419,-0.6190168863492017,-1.1284716188523294,NJIT Highlanders,0,Pace & Attack,Other,-2.753526472021693,-0.37984058246482033
-0.510948673175272,0.6586416501301626,-0.8180935008551764,-0.561605773859312,0.4142081084328965,-0.4986561264506363,Navy Midshipmen,0,Pace & Attack,Other,-0.7473508865158072,-0.19134834997010056
0.7886376935248439,-1.5144400387627828,0.3259430884294057,-0.3204223024692881,-0.5694600913689188,0.6446897892352411,Nebraska Cornhuskers,1,Defensive Stronghold,Other,1.3668424487046829,0.11477865373824751
0.7672503707185636,-0.5508347967469641,1.053473655297336,-0.11036373809529727,0.1540236786881951,1.2663075736106626,Nevada Wolf Pack,2,Balanced Efficiency,Other,1.4201444561422176,0.5543668886388788
-1.949089473163722,1.2520729020196493,-1.2962660566982538,1.091734540497846,-0.6429121220025891,-1.2770167858459962,New Hampshire Wildcats,0,Pace & Attack,Other,-3.0444170521493468,-0.48834272820903457
0.8067556166664717,-1.560303480222635,0.02255427673396159,-0.7789828303268317,0.4525284678160406,0.7596166741248924,New Mexico Lobos,1,Defensive Stronghold,Other,1.672941971899696,0.6926135943139056
-0.3506118646211811,-0.3844079998285192,-1.0470396788551906,-0.368593261638243,0.5296426496582969,-0.48561572303403533,New Mexico State Aggies,0,Pace & Attack,Other,-0.3275319780513265,0.2886321679520536
-1.069498360884268,1.3688377062519526,-1.467228317785715,0.3984892104728035,-0.22868602626954876,0.4137195794948939,New Orleans Privateers,0,Pace & Attack,Other,-2.1296734311545875,0.3451850120542716
-0.8275355407026379,1.1944295176518036,0.37416216969089605,0.5384706246956426,-1.4556133154039927,-1.0924461687806972,Niagara Purple Eagles,3,High Tempo Shooters,Other,-1.5123659742462405,-1.6081243684465945
-0.10608801470223848,0.12462742520445544,-0.9261218508281782,-0.9840510427080376,-0.004468294852135635,-0.468662458454758,Nicholls Colonels,3,High Tempo Shooters,Other,-0.25362756920349017,-0.4751046132831911
0.18679570525638406,0.2914976327718859,0.4610274263752054,0.5012915331289525,0.4674628660978607,1.0504155020840755,Norfolk State Spartans,2,Balanced Efficiency,Other,0.2332424072035909,0.872308279091637
0.5374388192905664,0.1346780665814128,0.165109940501903,-2.0510613828801008,0.6978295861769286,-1.0655324001366386,North Alabama Lions,3,High Tempo Shooters,Other,1.1485263277574465,-1.1544145942820445
-1.0026800052378944,1.3737152233907706,-1.407305764059973,-1.9005313081463402,-0.906905533765297,-0.23469033761221325,North Carolina A&T Aggies,3,High Tempo Shooters,Other,-1.4523207476889604,-1.4641158368432734
-0.3425745904455708,1.3042475550500339,-0.2723680389687845,0.5225691267424425,1.1444522081832567,1.0422293529986626,North Carolina Central Eagles,2,Balanced Efficiency,Other,-0.7467566752469976,1.2550071495505943
1.3156921644643358,-1.1142914887651716,0.6529916517979547,-1.0709453312630464,-0.37209150363307913,0.40391254045169417,North Carolina Tar Heels,1,Defensive Stronghold,Other,1.9567278497982192,-0.43525861032674157
0.272617446453561,1.599411243723335,-0.5852004026318218,-0.7558114805489669,1.0663263156631146,-0.04980818375884324,North Dakota Fighting Hawks,0,Pace & Attack,Other,-0.3188564473828159,0.03510106847613237
1.212161175083615,0.7516100828670219,2.351799429510439,-0.8551319634901032,-0.6606540733293665,0.0758210756225823,North Dakota State Bison,3,High Tempo Shooters,Other,1.6802223170593016,-1.605625495960787
0.8004892673092165,1.6833636599308637,0.9128895943471991,-1.3567237632229905,-0.3494979153378252,-1.5283175987537958,North Florida Ospreys,3,High Tempo Shooters,Other,0.41752275247130527,-2.3356423300816003
0.30980686763900406,-1.537275687185429,0.2803476924718574,0.2129964250292122,0.8911951188003256,0.8581262709628666,North Texas Mean Green,2,Balanced Efficiency,Other,1.2375289176851192,1.4038616489983058
-0.38889108569484165,0.043926687089472866,0.16424976428191423,0.9537482272227881,0.5979307897245514,-1.0936784885029538,Northeastern Huskies,0,Pace & Attack,Other,-0.4897517257954227,0.16780064860413163
-0.44474332996602023,0.6267160834033568,-0.38701782338243956,-1.1965966665436558,0.5214031886268323,-0.8034137313094092,Northern Arizona Lumberjacks,3,High Tempo Shooters,Other,-0.26076855627584944,-0.6800016227558116
0.617266661102544,0.33096118053141027,1.8407916059270748,-0.970123977693945,-1.184532025346248,-0.2533952828521485,Northern Colorado Bears,3,High Tempo Shooters,Other,1.151462916009627,-1.8915448860975508
-1.5691988546294848,0.8819728136681502,-1.4457361588751259,-0.8631954438949827,-2.7961679193418867,-0.11006653799416982,Northern Illinois Huskies,0,Pace & Attack,Other,-2.402059737931917,-1.942451621843985
0.6505055576931968,-0.09338281054572868,1.7912014435879626,-0.8701402145151628,-1.1561065397527988,0.5590722842335298,Northern Iowa Panthers,3,High Tempo Shooters,Other,1.3908604063818244,-1.2753076134228045
-1.0827939195205292,-0.017411786019902134,-1.0901296873394066,0.43851305658869066,0.22663270545927822,-0.2559694947931231,Northern Kentucky Norse,0,Pace & Attack,Other,-1.3009658647068958,0.5335205207031453
-0.9074314950076294,0.23045476676183457,-1.2222521299675488,0.8950799296616851,0.7875285738415279,-0.40678864908313317,Northwestern State Demons,0,Pace & Attack,Other,-1.418196025526386,0.9669500808159348
0.8513011870973873,-1.2232227048654327,-0.22817391064983292,-1.5229536317844492,0.18062160264931096,-0.25092085363333516,Northwestern Wildcats,1,Defensive Stronghold,Other,1.5334998028504947,-0.36868834765262753
1.1937708019699333,-0.15989440789324316,0.9628736822711318,-0.7683546709601751,0.10759514791543658,-0.8192251647954241,Notre Dame Fighting Irish,1,Defensive Stronghold,Other,1.4809576348363438,-0.977726949315174
0.02291704706558274,0.2687358861240705,-0.79606034488619,0.19568919304951257,1.169785391333865,-1.2827661025265031,Oakland Golden Grizzlies,0,Pace & Attack,Other,-0.4092675006174959,0.26119086894848215
0.01678692269435554,0.17325479304297242,0.6032430217640672,-0.8222065039170584,-1.0059690399781043,0.15929461782247806,Ohio Bobcats,3,High Tempo Shooters,Other,0.2962118229084492,-1.1037850825036517
1.4654034241083016,-1.6137492437801033,1.1635551935684536,-0.8211848126505633,-0.18501855194138253,0.39141370165423167,Ohio State Buckeyes,1,Defensive Stronghold,Other,2.4706886608087233,-0.23079527624601603
1.7550177444022697,-0.9193090460521933,1.9550210523263092,0.04457214175934822,-0.4002024824195628,0.7572417382392449,Oklahoma Sooners,1,Defensive Stronghold,Other,2.380408561320775,-0.1765356080591665
0.07658969156032626,-0.5768482214873254,-0.7085920146389982,0.8183749909883944,0.7973149799586535,2.2238499963840113,Oklahoma State Cowboys,2,Balanced Efficiency,Other,0.07967752261032744,2.3774180138841445
-0.895035021279149,0.6749000405928882,-2.024023044701697,-0.08126472302831311,1.31826268035878,-0.5166203696072058,Old Dominion Monarchs,0,Pace & Attack,Other,-1.5266645215219723,0.8995257046580033
1.3576494601607347,-1.8900236388067115,0.35099810124176206,-2.0765212377609674,-0.8439445961383153,0.27701955608766643,Ole Miss Rebels,1,Defensive Stronghold,Other,2.4309152736857995,-0.9690167783935257
0.09879436428277016,0.6898281991086634,0.39339809785894264,-0.2846448593120001,-0.1962146316852793,0.765398561914324,Omaha Mavericks,3,High Tempo Shooters,Other,0.06706397749135881,-0.1181170005903781
-0.1735193827857338,1.9494100493209194,0.07324780879965463,-0.22274200396000685,-1.4462255095247685,0.4721261436006949,Oral Roberts Golden Eagles,3,High Tempo Shooters,Other,-1.169746439247178,-1.2388263058154083
1.3067013153865379,-1.1521587581883552,0.5199756099993292,-0.4408745175498554,0.10912243933857495,0.5924233475412009,Oregon Ducks,1,Defensive Stronghold,Other,1.808469815308013,0.2878950525252901
1.2434929218698847,-0.47678521836673315,1.5496228231427676,-0.28526986512558333,0.22607000728016644,0.7634472745419086,Oregon State Beavers,1,Defensive Stronghold,Other,1.9437409442644913,0.0822530064069744
-0.8218140912894925,0.8509340682393092,-1.0058857949317856,0.6669435285676466,-0.14417096642469823,-0.44462236913322506,Pacific Tigers,0,Pace & Attack,Other,-1.6856196118916098,0.05466600800639192
-0.394748760094015,1.1802403768843355,-0.6243746380990166,-0.31085911957458023,-0.6013567494812874,-0.6319864245878144,Penn Quakers,0,Pace & Attack,Other,-1.1651900144932281,-0.9636786015945366
1.2249663237701771,-0.8556057161482392,1.2511559263194285,-0.5140062918156484,-0.04232534887254164,1.0890863336952228,Penn State Nittany Lions,1,Defensive Stronghold,Other,2.013374694399491,0.16439458229728085
-0.5119022480774637,0.25587697730355063,-0.5427686169174198,-0.25828710417618483,-0.6163914756276534,-0.12160472301726659,Pepperdine Waves,0,Pace & Attack,Other,-0.7501229250825797,-0.4602889331441868
1.6087121094089862,-0.6613918518934992,0.9842428794201276,-1.5291502016818939,-0.4757300473544347,0.21827843654367238,Pittsburgh Panthers,1,Defensive Stronghold,Other,2.210845769775306,-1.015815617325244
-0.5063170236503461,1.2593152759530462,-0.600466010306873,0.953307522867202,-1.1836302149498725,0.2251111811398843,Portland Pilots,0,Pace & Attack,Other,-1.7695558108995613,-0.32120145865240995
-0.45400662901587596,0.1130987483308859,0.1996783532833199,0.562720787361803,1.007630660098279,0.3683505125553158,Portland State Vikings,2,Balanced Efficiency,Other,-0.16119563812348486,1.0062979105653995
-1.0443648509622374,1.37253279499348,-0.5874823820855478,-0.35868803220173534,-1.2212696756597112,0.4921208141654531,Prairie View A&M Panthers,0,Pace & Attack,Other,-1.647644107940364,-0.7954814361706741
-0.27446209743193783,0.9994766356487566,-0.010030451301351736,-0.20797879436551425,0.2624809474461937,-0.23246186826201182,Presbyterian Blue Hose,3,High Tempo Shooters,Other,-0.5103357531110695,-0.2929247449602145
0.34304576422965694,-0.06027481542163224,0.5655250336700326,-1.2468332893730085,-0.5513746376702492,-1.1889630436407872,Princeton Tigers,3,High Tempo Shooters,Other,0.7111567571808232,-1.6807838587247228
0.8284153894448059,-0.5951758616453063,0.4022446362353995,0.7748354324062229,1.0763120116248341,-0.15733497688007758,Providence Friars,2,Balanced Efficiency,Other,0.922811812977663,0.9334809309610674
2.2143683972862105,-1.5564014665115793,1.772436478599794,-0.701260843395173,0.007161021769213342,0.8564924660203251,Purdue Boilermakers,1,Defensive Stronghold,Other,3.2377903600690336,-0.014942420385840587
0.8839951837439305,0.6512514726471059,1.5868973090095368,-2.080465048679149,-1.6669531237037916,-0.9062879959216567,Purdue Fort Wayne Mastodons,3,High Tempo Shooters,Other,1.2713205829057566,-3.05779808707866
-0.1916373059273615,0.3293353414851383,0.3067624396233355,0.6517236879142937,0.4190350988467737,-0.23525069229300072,Queens Royals,0,Pace & Attack,Other,-0.27975466004013866,0.26630477131131597
-0.6488083590348652,-0.4356958315609347,-1.2270562772415323,-0.0799299152536066,0.8751923183335958,-0.6160035519415402,Quinnipiac Bobcats,0,Pace & Attack,Other,-0.6071493116424677,0.6325940965703463
0.38582040984221944,0.5797145546111139,-0.2036913523856927,0.2916573171891707,1.2093981847544009,1.5636540200477924,Radford Highlanders,2,Balanced Efficiency,Other,0.20734527256987575,1.6062254488866266
0.08040399116908857,-0.4846188064987733,0.3385788115310564,0.18350420819064073,-0.11895379688919377,1.9373244557311058,Rhode Island Rams,2,Balanced Efficiency,Other,0.5263842262287811,1.0769165901068842
-0.12897381235481808,0.12950494234327334,-0.6130218524004163,0.8688534217447869,1.0246498557402817,2.1997737075185086,Rice Owls,2,Balanced Efficiency,Other,-0.28694482443075997,2.3327197516362355
-0.6684247570227924,0.14413749375972698,-1.1666333805448148,-1.002509983289631,-2.5798424449163946,0.1324426144761227,Richmond Spiders,3,High Tempo Shooters,Other,-1.2616239611785809,-1.665986080756428
-0.9106736496750796,1.0192823113033496,-1.368661299535329,0.2842313161655641,0.697523000558201,-0.5290142858332316,Rider Broncs,0,Pace & Attack,Other,-1.6598003666885324,0.4144834957960803
-0.3334475163817449,-0.13580242929847744,-0.4631428183894701,0.6521429591130815,1.1844168401377075,1.2377152093605448,Robert Morris Colonials,2,Balanced Efficiency,Other,-0.19710390236881703,1.8539165496915206
0.9632781256118004,-0.637743283947717,-0.054739120273241605,-1.1188408113808932,0.1698800442249141,0.4599728009241205,Rutgers Scarlet Knights,1,Defensive Stronghold,Other,1.339269672366778,-0.011333030084997016
-0.942972593862144,0.0810253780544182,-0.836515952823338,-0.34472806451945265,0.36705649347585995,-0.3808521874468945,SIU Edwardsville Cougars,0,Pace & Attack,Other,-0.8343752687872208,0.10689185521768792
1.3245467885561097,-0.9504955950306941,1.2526828374426733,-0.44756129451151566,1.6448665744253224,0.5936418240338123,SMU Mustangs,1,Defensive Stronghold,Other,2.4435878954999906,0.9869525885489129
-1.6585896904605764,0.8491604256433753,-1.4397073849308777,1.4023966943418358,-0.43307332349213135,0.12097950609434562,Sacramento State Hornets,0,Pace & Attack,Other,-2.679531306230007,0.6565311169338769
-0.3360357911162637,1.0585980555132144,0.27848116629518316,0.30694308991827973,0.15065026620257246,-1.2311537840297642,Sacred Heart Pioneers,3,High Tempo Shooters,Other,-0.7481409525789456,-0.7567272272119927
-1.130295572148238,0.9572048204456717,-0.18907246516035903,1.2841662230823008,-1.3358400923693758,-2.0702294930400233,Saint Francis Red Flash,0,Pace & Attack,Other,-2.1961180377794447,-1.5063122622180378
0.34331821420171277,-0.9899591427902186,0.32774480294496117,-0.3143781197527147,-0.08235486659035741,-0.29135091630409876,Saint Joseph's Hawks,1,Defensive Stronghold,Other,0.8803426535963611,-0.19876587385384958
0.22480247635799078,-0.45431907881823935,1.5103437150925838,0.6968665471375312,-1.4747722069541989,0.0634932386682185,Saint Louis Billikens,3,High Tempo Shooters,Other,0.4693254320558418,-0.857548226468899
1.4429263014138038,-1.7657651946065895,0.2113683061096675,-1.0695309433210525,2.7022750208768294,-0.22350771731867086,Saint Mary's Gaels,1,Defensive Stronghold,Other,2.783054615344708,1.3976891831925178
-1.5222421019458858,-0.15220862331086277,-1.6367031400992331,2.12497885888422,1.734663825510459,-0.34874962908560375,Saint Peter's Peacocks,0,Pace & Attack,Other,-2.032468609281278,2.3597302058906258
0.40979600738301847,0.58444426820027,-0.2715180927964272,0.19376991799090193,0.37703350185807166,0.10417399696167025,Sam Houston Bearkats,2,Balanced Efficiency,Other,-0.11740887742635603,0.2826291183691857
0.8957105325422752,-0.04992856694535328,1.8200011659718127,0.8860347170885551,0.8726102150931488,-0.9240684320092724,Samford Bulldogs,1,Defensive Stronghold,Other,1.2299807297583352,-0.06754928813353549
0.3397763645650044,-1.9999155779797706,-0.3688530015509555,-0.33913430672237915,0.24113629378441728,-0.542840694824137,San Diego State Aztecs,1,Defensive Stronghold,Other,1.0643632291878335,0.29220191535954715
-1.1954247379678735,0.2971141676590088,-1.746833912737143,0.7229181242574741,-0.06693136030549361,-0.8864925093131983,San Diego Toreros,0,Pace & Attack,Other,-2.0606225569871093,0.23989476903029938
0.7064940269504033,-0.9445834530442475,1.0730627845400922,0.026868102047186544,-0.06490936795327899,0.6425213887957382,San Francisco Dons,1,Defensive Stronghold,Other,1.4084814147008662,0.2421818070051487
0.30517521811407816,0.31085989777749556,0.07005272652714112,-0.8442882465321856,-0.6134521972389946,0.13898686276531622,San Jose State Spartans,3,High Tempo Shooters,Other,0.252646696627505,-0.7883182220687991
1.1696589794431083,-0.5882290948112331,1.195808088093794,-0.11812350942891485,0.7860253986806879,-0.8899524204497108,Santa Clara Broncos,1,Defensive Stronghold,Other,1.6895169397011296,-0.26102043313803286
-0.025851497932179026,-0.16078122919121005,-0.8498319832585087,0.06856662725872643,0.1401630822064408,1.4364653525386508,Seattle Redhawks,2,Balanced Efficiency,Other,-0.19946802100616287,1.1531475479607582
-0.6139347626118852,-0.4229847262900767,-1.5712471980630398,0.8566021874799946,0.83554447875763,0.5653185237983748,Seton Hall Pirates,0,Pace & Attack,Other,-0.9894376209831789,1.745206722930655
-0.583420365741777,0.35283610588125874,-0.3652651823655361,0.42102623809618517,-0.3442932036391107,0.6902209677649547,Siena Saints,0,Pace & Attack,Other,-0.8550971386629521,0.3771112859173624
-0.3029331195116368,-0.61616396569719,-0.12595338564225336,-1.1410262539446017,-0.5649319888722375,-0.5413580088613925,South Alabama Jaguars,3,High Tempo Shooters,Other,0.26305470130199043,-0.9462974749353357
0.28623994505628875,-1.260572661864804,-0.2421178713985894,0.8904849520276452,0.5266159088712422,1.7969432670528105,South Carolina Gamecocks,2,Balanced Efficiency,Other,0.6080975435807289,2.053929302955994
-0.7492061737369615,-0.16211146113816038,-0.5373106594548926,0.9993967286887936,0.7450310500659747,1.9297410656881633,South Carolina State Bulldogs,2,Balanced Efficiency,Other,-0.6347373949324119,2.152200129839956
-1.0436973485307048,1.4356449106987887,-0.41341615758001427,0.900134761265568,-0.9946032193598554,-0.4551135741310724,South Carolina Upstate Spartans,0,Pace & Attack,Other,-2.089137354612876,-0.6651842782411226
0.6070497871504986,1.831167209592006,0.14972112809582094,-1.993399513651483,0.4176374762617832,2.74308677438782,South Dakota Coyotes,2,Balanced Efficiency,Other,0.7006511902550543,0.31693848530909075
0.4517533030794154,-0.2380824856639869,1.0864163325115295,0.24128626549597015,0.7874396367786152,-1.1062896900041013,South Dakota State Jackrabbits,1,Defensive Stronghold,Other,0.8913039038936458,-0.2460958712578792
-0.18577963152818822,0.1691162936524596,0.1217002752231371,-0.4195625503793156,-0.41078855621095883,0.10605946982254628,South Florida Bulls,3,High Tempo Shooters,Other,-0.06570101354882889,-0.4500668369240262
-0.7452556491421694,0.3008092564005382,-0.08570575479310442,-1.0268399304699332,-1.2740723049656315,-0.5415914413901526,Southeast Missouri Redhawks,3,High Tempo Shooters,Other,-0.6114183702027712,-1.5554339169084916
-0.5606707930752254,-0.09249598924776178,-0.2811043233728236,0.6791978961987744,-0.038354238468403266,0.04663033368709232,Southeastern Louisiana Lions,0,Pace & Attack,Other,-0.6835835345417293,0.42403488162773006
-0.2504864998911407,0.038014545103026244,-0.07702070771967265,0.6686909708063953,0.363485883629544,0.3759789647506705,Southern Illinois Salukis,2,Balanced Efficiency,Other,-0.32587627019277365,0.7443695044845677
-1.0586276069992933,0.9901650120201063,-0.7262690803491363,-0.24379595555598582,-0.34532605736533406,-0.25274568077312043,Southern Indiana Screaming Eagles,0,Pace & Attack,Other,-1.4569605795680525,-0.4710549773202486
-1.0206072133990816,-0.41396870976074596,-1.0569295172190938,0.5842491778010208,0.6893777073154436,0.5274029089119467,Southern Jaguars,0,Pace & Attack,Other,-0.9338424545334725,1.3920833172802811
-1.0056633324318918,0.132165406237174,-0.7981618150401525,1.3969653850494204,0.037183743221543726,0.08840719119161523,Southern Miss Golden Eagles,0,Pace & Attack,Other,-1.541293453668938,0.9106862134673132
-0.7934792941958214,0.3812143874161992,-0.6140862826732773,1.9568890414146627,-0.302081504702172,0.5143445751226072,Southern Utah Thunderbirds,0,Pace & Attack,Other,-1.679150582883538,1.0598195173902945
0.5913839137573638,-0.6621308696418042,0.37416216969089605,-0.765726205131699,0.01055660467583894,0.012123888609612127,St. Bonaventure Bonnies,1,Defensive Stronghold,Other,1.1198602641727666,-0.28440576786330707
0.8514374120834133,-2.6639969266072825,-0.24840623468641057,-0.8381517272004534,1.6120969614700922,-0.6555651764607544,St. John's Red Storm,1,Defensive Stronghold,Other,2.22794570614866,0.9683164392066506
1.0702147396432036,0.46161951843186017,2.395688710210667,-1.6038467471567057,-1.9276554344323593,-0.14375218599625897,St. Thomas Tommies,3,High Tempo Shooters,Other,1.6973786795845212,-2.770352798331198
0.9786715490328813,-0.41130824586684533,0.15834408115385845,-1.03847494545723,0.6069883073200506,-0.24709678686019879,Stanford Cardinal,1,Defensive Stronghold,Other,1.3523187496808526,-0.19931349380152225
-1.7659894694444742,-0.5505391896476425,-1.4128701761548261,3.0899794415368746,1.4560684758834466,0.3141011908415291,Stephen F. Austin Lumberjacks,0,Pace & Attack,Other,-2.2434869130669766,3.0243873079033627
-0.8039686181199206,1.6439001121713392,-0.09918711359248632,0.9645333192206936,-1.2109865866546974,0.28292873645585503,Stetson Hatters,0,Pace & Attack,Other,-1.8899552579314016,-0.5188118278347258
-0.8100987424911478,0.8788689391252661,0.2992727947426116,0.19614316823754194,-1.4447122353190327,-0.5622971614885821,Stonehill Skyhawks,3,High Tempo Shooters,Other,-1.2153900233827293,-1.3711380508018323
-0.7861231449503487,1.4836810643386604,-1.1960036982308722,0.518827375080144,-0.01891531362901972,-0.24278546966446296,Stony Brook Seawolves,0,Pace & Attack,Other,-1.9388528726333731,0.06390022393171066
0.3480860887126666,-0.25197601933213554,0.017948307929065318,0.043961142231018734,-0.042087890616824004,-0.009314401750484558,Syracuse Orange,3,High Tempo Shooters,Other,0.3073392894825742,0.033086117570399164
-0.00364682520973319,-1.448504875258947,-0.87347250492656,-0.6473797977549036,0.4533352401056712,-0.16306036610660968,TCU Horned Frogs,1,Defensive Stronghold,Other,0.5638475154403975,0.497937298766291
-1.5834479881679375,-0.4439728303419583,-1.1430132583034018,3.953256157414929,-0.5574742983741527,1.7264705442405357,Tarleton Texans,0,Pace & Attack,Other,-2.702529100483401,2.8207694021260856
0.4924845739015688,0.1482759931502377,0.02071238379369489,-0.5197743338054753,0.5386615191657227,2.4308428482250255,Temple Owls,2,Balanced Efficiency,Other,0.7964123457807756,1.3417187138288351
-0.8060119929103297,0.533452043567176,0.025835376275811266,1.9236727029152394,0.8192791053074047,1.126783510675991,Tennessee State Tigers,2,Balanced Efficiency,Other,-1.1126090091761338,1.8578182416018327
-0.5729310418176778,0.8596544776693161,-0.030291453913675766,-0.1066139237959855,-0.8458626684184749,-1.0234652009465541,Tennessee Tech Golden Eagles,3,High Tempo Shooters,Other,-1.014208708925752,-1.3023217903719808
1.322094738807619,-3.1164088117650737,0.3081229931806102,-0.6205616936536168,1.9365862928154194,-0.3514992727193428,Tennessee Volunteers,1,Defensive Stronghold,Other,3.0125449898143524,1.3759591861194858
1.4614528995135114,-2.072073270924339,-0.7040700640728752,0.11084298156916005,2.954454308740663,1.67607867493953,Texas A&M Aggies,2,Balanced Efficiency,Other,2.3136822739956213,3.415513830786751
0.02836604650667423,0.03579749185810903,0.8490657534160566,0.06825930684833242,0.416228891931034,1.035512710416095,Texas A&M–Corpus Christi Islanders,2,Balanced Efficiency,Other,0.5822777205591378,0.608188023534811
1.4824315473617098,-1.460403061006669,1.2915084106657468,-1.6594445340640562,-0.021820995715413523,0.3790122656732698,Texas Longhorns,1,Defensive Stronghold,Other,2.814191893930857,-0.5832113524500716
-1.1824424967994738,0.11561140867512681,-1.3520319182231666,0.5987107149570069,-0.552417181719131,-0.12423624740350493,Texas Southern Tigers,0,Pace & Attack,Other,-1.7763552955557667,0.23534137069043437
0.42464453085998977,0.6391315815748932,-0.0232609543472336,0.24004830644822944,0.6781651231869054,1.001666452043329,Texas State Bobcats,2,Balanced Efficiency,Other,0.12808396367265293,0.8903897664539822
2.2320776454697544,-1.481982379257196,1.8336373552990928,-0.711601096613651,1.4857105067898535,-0.5352789667841343,Texas Tech Red Raiders,1,Defensive Stronghold,Other,3.460419792164926,0.10908269550414895
-1.753320545743938,1.2463085635828646,-0.9943400422965701,1.6421177971763732,-0.750785490698071,-0.13772150355195176,The Citadel Bulldogs,0,Pace & Attack,Other,-2.8919301809160807,0.2153686239591071
0.7055404520482118,1.2372925470535359,-0.14055565301647016,-1.6415852746341777,-0.2763915816809341,0.46475264397084043,Toledo Rockets,3,High Tempo Shooters,Other,0.37545306781316073,-0.9544151862948697
-0.29925504488890053,-0.23763907501500348,-1.3736143921979997,-1.3058588820523422,0.9792026783260277,-0.8499638283710718,Towson Tigers,0,Pace & Attack,Other,-0.10847469480237311,-0.00010498694546471833
0.16690685729640314,-0.6303531064646581,0.0848799428810925,1.723712099574703,2.020334612588313,0.5149010175868866,Troy Trojans,2,Balanced Efficiency,Other,0.33053887153242756,2.417677747470598
-0.10731403957648392,-0.2839015860589414,0.04964441005718126,-0.5391592357859164,-0.6013567494812874,0.2007018503162388,Tulane Green Wave,3,High Tempo Shooters,Other,0.16076656142578716,-0.440328386939458
-0.8096900675330659,0.4484650025120187,-0.6159268600200773,-0.22388620987199212,-0.007784961503263119,0.18296569881652688,Tulsa Golden Hurricane,0,Pace & Attack,Other,-0.8918747712754576,0.07635743025903366
1.255889395598367,0.5903564101867165,0.2225780564923247,-1.4348984009337207,1.9535649841412166,-0.29670311766608165,UAB Blazers,1,Defensive Stronghold,Other,1.5538617722278538,0.14723332701581218
-1.3026201794727295,-0.6532626566621353,-1.6563132053044642,1.4184419211017356,-0.2577995122098085,1.6143124660618542,UC Davis Aggies,0,Pace & Attack,Other,-1.7026641563333564,1.992895102430607
-0.10295484002360995,-2.018893553756261,0.024763222066180653,0.42256024074956133,-0.41078855621095883,0.6345480860048549,UC Irvine Anteaters,2,Balanced Efficiency,Other,0.677712182108352,0.7803555409279707
0.1659532823942116,-0.011795251132779213,-0.7138435881253462,-0.4364434737143698,0.5361638311279289,-1.2425541169407597,UC Riverside Highlanders,3,High Tempo Shooters,Other,-0.07222090158279802,-0.34612193247965783
0.85865733634286,-1.117735311472277,0.9346345771932373,-1.4298446105572094,-0.9022060416483679,0.7540347427339767,UC San Diego Tritons,1,Defensive Stronghold,Other,1.8550027679227583,-0.7887206069245726
0.2263009512042901,-0.0017446097558197512,1.4074548839339929,0.7229325097695963,-0.3074027556052703,-1.0121234590387063,UC Santa Barbara Gauchos,3,High Tempo Shooters,Other,0.37633860839800587,-0.7904450663540149
1.1970402016345878,-0.716522575917106,-0.4961776130633577,-0.5546298230661234,0.48283680048203187,0.7208980601931593,UCF Knights,1,Defensive Stronghold,Other,1.200687795914716,0.6994765237906525
1.238452597386877,-1.7939808922369014,0.8839175909638896,-0.38696746364775614,0.659103454971164,0.28385283887951257,UCLA Bruins,1,Defensive Stronghold,Other,2.3124756007570926,0.5531553405260893
2.1925723995218482,-0.44042554515009075,2.0640962344866955,-0.6609928001561507,0.8452434338100643,-0.561043161047173,UConn Huskies,1,Defensive Stronghold,Other,2.90153253443316,-0.5975913205888547
0.6239416854178809,0.16202172326872447,0.8030283512636344,0.01004456689277866,0.4584622055039329,0.3655107407124779,UIC Flames,2,Balanced Efficiency,Other,0.8295751546994787,0.20510084052779198
0.1090112382348155,1.2643405966415238,1.3535604761553826,-0.5542457655891,-2.212087643870001,0.05343185971061748,UMBC Retrievers,3,High Tempo Shooters,Other,-0.1771946703181807,-2.2600290396593516
0.518367321246749,1.0152916154625007,0.8794960171226738,0.016207445840003915,-1.0487694620438566,0.5324463287181938,UMass Lowell River Hawks,3,High Tempo Shooters,Other,0.07264672484781906,-0.8613380178145601
-0.3585129138107615,-0.2638003033050267,-1.3917452535659072,-0.4722207283881448,0.9030356366372959,0.8821458740276711,UMass Minutemen,2,Balanced Efficiency,Other,-0.2914930640275325,1.2672321745595956
0.5244974456179763,0.6131181568345319,0.31825817235336074,-1.265844129025172,0.3716989026955867,0.1946614238626235,UNC Asheville Bulldogs,3,High Tempo Shooters,Other,0.7585239822590087,-0.48962414816384375
0.12522201157206012,-0.1992101521031078,-0.0007845800568179116,-0.5719761605319663,0.6555463563549876,-0.8141145424926127,UNC Greensboro Spartans,3,High Tempo Shooters,Other,0.4485457680285497,-0.24248064517031226
0.6149508363400811,0.07141814732644428,0.2593894486313258,-0.7905805060495612,1.0727651913049805,1.7548848585924441,UNC Wilmington Seahawks,2,Balanced Efficiency,Other,1.1777836154459669,1.1388729035113923
0.505289722588131,-0.3743573584515597,0.09818697714308948,-0.7368620188798414,-0.5796782997540385,0.5398610681535182,UNLV Runnin' Rebels,3,High Tempo Shooters,Other,0.7069611445967334,-0.3480264513605684
1.075936189056349,-0.7834775839136018,0.9459678812271819,-0.5019067586971352,-0.6547956459372248,0.9015953759550457,USC Trojans,1,Defensive Stronghold,Other,1.5767146930674636,-0.23965621621718758
0.26853069687274284,0.7155460167497032,0.2492688994217661,0.5391921607323148,0.7768264806023291,0.62353170206942,UT Arlington Mavericks,2,Balanced Efficiency,Other,0.00651868690533459,0.7967795888939961
-0.6902207547871544,0.8503428540406639,-1.1531278822536775,0.9431765293332461,0.9056946356740561,0.13691235652974526,UT Martin Skyhawks,0,Pace & Attack,Other,-1.470806708320364,1.1700704070657575
-0.10854006445072936,-0.30814136820336896,0.07572918316793582,-0.05406630244287573,-1.282523810950126,0.6329525067270928,UTEP Miners,3,High Tempo Shooters,Other,-0.11108854341387535,-0.412760859682284
-0.3019795446094472,0.6323326182904797,0.03266524768251254,0.6530401746203073,0.5706065423218434,-1.3242780021496938,UTRGV Vaqueros,0,Pace & Attack,Other,-0.6869999668229381,-0.2232907350887821
0.20477740341198192,0.7084514463659681,-0.29735198303482424,-0.6680664985687916,-0.8275160121866815,-0.7658414460415021,UTSA Roadrunners,3,High Tempo Shooters,Other,-0.3679097073204643,-1.3259935097198134
1.43407167732203,-0.7147489333211723,1.5695590042648973,-0.5732228226957227,0.7330396305493848,0.700380998767401,Utah State Aggies,1,Defensive Stronghold,Other,2.3950757594726344,0.2792684725452982
-0.6794589808910013,0.8970487757335852,-0.8422591838774582,-0.01019422033747338,-0.6893602931676455,0.06706165064047838,Utah Tech Trailblazers,0,Pace & Attack,Other,-1.3747454205302552,-0.36878743093200145
0.5807583648472366,-0.6996729712557351,0.7674722710835089,0.2888792023428374,0.8904244406453429,0.7760202184897279,Utah Utes,2,Balanced Efficiency,Other,1.2187866736970276,1.0432097098073607
-0.42948613153096715,-0.7531778562330679,-0.5718429033613847,-0.03907572128221764,0.33987147485844044,0.9592230967989259,Utah Valley Wolverines,2,Balanced Efficiency,Other,-0.003229296202863293,1.0640683675350435
0.8963916574724128,-1.7399291341258212,0.4427152911822944,-0.45693928081100776,1.0680692905875055,-0.10132347370697649,VCU Rams,1,Defensive Stronghold,Other,1.9536792336492017,0.6839998473686613
-0.6620221826795112,0.7655036165351684,-0.5079405014128405,0.01725935362456202,-0.973653871362895,0.8433377010635027,VMI Keydets,0,Pace & Attack,Other,-1.1454758522785835,-0.17110827889407912
-0.026532622862314736,0.6744566299439048,-0.9173969246507191,-1.3534371861484626,-0.3642172370802471,0.6792770841793946,Valparaiso Beacons,3,High Tempo Shooters,Other,-0.2888612612753587,-0.3890475696815064
1.2148856748041597,-0.8847230154314847,0.639293499711107,-1.561188341709108,0.4257866159763257,-0.05587410107521733,Vanderbilt Commodores,1,Defensive Stronghold,Other,2.10614215090101,-0.45869983397953373
-1.4184250400945078,-0.23039670108160862,-1.207783953189511,0.0442428306475029,-1.1388482092139076,-0.5562296320146868,Vermont Catamounts,0,Pace & Attack,Other,-1.6733683877727918,-0.5461665798811627
1.824901162234256,-0.1063895229159104,1.4804029521135948,-0.9666355208336272,0.6326657224685421,-1.2164615823350657,Villanova Wildcats,1,Defensive Stronghold,Other,2.244035176985479,-1.1312762427898695
0.21758255209854604,-0.49437384077640906,0.5690424846869564,-0.21244011812852104,-1.578375302548368,-1.3162407955834512,Virginia Cavaliers,3,High Tempo Shooters,Other,0.2030388140741293,-1.807838615357349
0.288010869874642,0.1630563481163532,0.2114820561890334,1.0902415774001162,0.6701036566571439,-0.09340172758011746,Virginia Tech Hokies,2,Balanced Efficiency,Other,-0.04466572261131679,0.7398037822056118
-1.6479368965532448,0.6970705730420604,-2.0318237139856214,0.914472341622474,0.25464574106446364,-0.7574839634937006,Wagner Seahawks,0,Pace & Attack,Other,-2.633797927617853,0.585602163784976
0.01746804762449125,-1.5852822801153674,-0.27925759447873644,-0.18070731204525659,-0.7052592876505656,0.1837460508416475,Wake Forest Demon Deacons,3,High Tempo Shooters,Other,0.5136481783569534,0.054829772641318775
0.20164422873335533,-0.9516780234279826,-0.4034858221492155,-0.0724467262379241,-0.17829744406525433,0.7376651221984438,Washington Huskies,2,Balanced Efficiency,Other,0.418137346768861,0.5909643251524389
0.5430240437176839,-0.2861186393038586,1.8573388736025678,1.7628257491032018,0.5730313008346513,0.25826226444176265,Washington State Cougars,2,Balanced Efficiency,Other,0.86824666841907,0.8364754676978331
-0.5489554442768788,1.0597804839105027,-0.22995795142439376,0.020598263655365018,-0.7816885212820608,0.7481055888392176,Weber State Wildcats,0,Pace & Attack,Other,-1.0427644228343032,-0.2543056873815153
-1.1542303021932274,1.1944295176518036,-1.1508350286464295,-0.461734121237853,-0.7858369027367214,-1.0400009776766408,West Georgia Wolves,0,Pace & Attack,Other,-1.9130799140795856,-1.1972474524905832
0.5452036434941208,-1.7983263165969383,-0.07655840161183008,-0.5857302940119082,-0.8614056679301845,-1.2173720849753071,West Virginia Mountaineers,3,High Tempo Shooters,Other,0.9997880820820082,-0.9947854816926103
-1.9269529129342902,0.7659470271841519,-2.102564412121634,1.4532058675384345,-0.9746475215153755,-1.4632552986690772,Western Carolina Catamounts,0,Pace & Attack,Other,-3.423689726034914,-0.2976907921563586
-1.3521652068908452,1.6056189928091034,-0.847287432514094,-0.03203517514513041,-0.16168849711743757,-1.60245982775174,Western Illinois Leathernecks,0,Pace & Attack,Other,-2.1384497642272464,-1.098463672704993
-0.3192801178349094,-0.978430465916649,-0.46523052121627834,-0.5133459259996547,-1.5809269837868816,0.08883168508517991,Western Kentucky Hilltoppers,3,High Tempo Shooters,Other,-0.15063135107583514,-0.7733847597072975
-0.8460621388023474,0.8219645725057255,-1.4103245139414005,-0.7887214867050074,1.113866270789934,-0.2239539873014629,Western Michigan Broncos,0,Pace & Attack,Other,-1.0330958336686658,0.4147054059373061
0.17058493191913945,-0.02140248186075313,-0.38248259485054753,-0.9547912434904714,-0.06027506452744643,0.15313495649196637,Wichita State Shockers,3,High Tempo Shooters,Other,0.27773745958639495,-0.2808475376355421
0.5209555959812678,0.9518838926578704,1.2323253470474462,0.07088415974313018,-0.7941870725523996,0.5291841059440254,William & Mary Tribe,3,High Tempo Shooters,Other,0.31167748785152666,-0.7591666058213699
0.08408206579182488,0.5229579915412351,0.2261365393251391,-0.13993294508854248,0.1698800442249141,3.7883516419698275,Winthrop Eagles,2,Balanced Efficiency,Other,0.38517336301756566,1.880230182547084
2.2644991921442434,-1.1994706744348884,1.360178139765601,-1.2730605149799796,-0.31784477072122463,0.4896576737713986,Wisconsin Badgers,1,Defensive Stronghold,Other,3.003758672673171,-0.6495465705312554
0.7746065199640363,0.44299627117455764,0.7092569121569048,-0.10655694337251988,1.0443788115822557,-1.2525211710031021,Wofford Terriers,3,High Tempo Shooters,Other,0.7703517520904205,-0.4058730606434233
0.37451373600195653,0.6657362205138978,1.3467020738209203,-0.14528135878860643,-0.7221693095137954,-1.2627482963920607,Wright State Raiders,3,High Tempo Shooters,Other,0.32667996737600485,-1.7247416318729738
-0.3007535197352018,-0.2875966748004708,0.08142472264972236,1.2811455848751103,0.1119265882621216,-0.12446822600628742,Wyoming Cowboys,0,Pace & Attack,Other,-0.46379758223369394,0.6357236164819031
1.0188579199109251,-1.1936324342232727,0.5287643592327469,-0.623788595138211,-0.6685646861938236,1.020011775206328,Xavier Musketeers,1,Defensive Stronghold,Other,1.581449814821254,-0.023474796307956534
1.113398060213846,-0.575665793090037,1.160479506959329,-0.6665842467799792,1.3214480453104314,0.03203413269099426,Yale Bulldogs,1,Defensive Stronghold,Other,2.0490778156418217,0.32762242925797747
-0.9767836353941111,-0.3017858155679389,-0.7465062246735276,-0.0435545005273434,-0.3380914646421389,0.30246419832892235,Youngstown State Penguins,0,Pace & Attack,Other,-0.8469054837805666,0.2469989448194795
